{
    "param_index": 5,
    "benchmark": "LunarLander-v2",
    "override": {
        "gt_ratio_p": 0.9
    },
    "final_mean_irl": 182.25833129882812,
    "final_std_irl": 22.850305557250977,
    "final_mean_rl": 5.481218133530746,
    "final_std_rl": 58.788739183839915
}