{
    "param_index": 6,
    "benchmark": "MountainCar-v0",
    "override": {
        "gt_ratio_p": 1.0
    },
    "final_mean_irl": -135.88002014160156,
    "final_std_irl": 8.240471839904785,
    "final_mean_rl": -132.32999999999998,
    "final_std_rl": 23.78161924511611
}