{
    "param_index": 20,
    "benchmark": "HalfCheetah-v4",
    "override": {
        "noise_final": 0.02,
        "noise_dict": {
            "dim": "batch",
            "start": 1.0,
            "final": 0.02,
            "decay": 0.01
        }
    },
    "final_mean_irl": 2742.553466796875,
    "final_std_irl": 60.785797119140625,
    "final_mean_rl": 2478.4513082845447,
    "final_std_rl": 1039.6070498034803
}