{
    "param_index": 19,
    "benchmark": "LunarLander-v2",
    "override": {
        "noise_final": 0.0,
        "noise_dict": {
            "dim": "batch",
            "start": 1.0,
            "final": 0.0,
            "decay": 0.01
        }
    },
    "final_mean_irl": 163.39593505859375,
    "final_std_irl": 23.130617141723633,
    "final_mean_rl": -894.9755300622206,
    "final_std_rl": 484.1322390533607
}