{
    "param_index": 0,
    "benchmark": "Ant-v4",
    "override": {
        "gt_ratio_p": 0.0
    },
    "final_mean_irl": 786.1515502929688,
    "final_std_irl": 95.69020080566406,
    "final_mean_rl": 2447.76108700072,
    "final_std_rl": 690.2034407331843
}