{
    "param_index": 9,
    "benchmark": "HalfCheetah-v4",
    "override": {
        "gt_ratio_d": 0.25
    },
    "final_mean_irl": 2731.35595703125,
    "final_std_irl": 64.9173583984375,
    "final_mean_rl": 2942.578071268627,
    "final_std_rl": 414.9933117217714
}