{
    "param_index": 13,
    "benchmark": "Ant-v4",
    "override": {
        "gt_ratio_d": 1.0
    },
    "final_mean_irl": 1363.702392578125,
    "final_std_irl": 225.85165405273438,
    "final_mean_rl": 1540.9625845043936,
    "final_std_rl": 848.7912055614773
}