{
    "param_index": 22,
    "benchmark": "LunarLander-v2",
    "override": {
        "noise_final": 0.2,
        "noise_dict": {
            "dim": "batch",
            "start": 1.0,
            "final": 0.2,
            "decay": 0.01
        }
    },
    "final_mean_irl": 171.4541778564453,
    "final_std_irl": 20.04599952697754,
    "final_mean_rl": 34.43769224175558,
    "final_std_rl": 149.89278410912084
}