{
    "param_index": 19,
    "benchmark": "Acrobot-v1",
    "override": {
        "noise_final": 0.0,
        "noise_dict": {
            "dim": "batch",
            "start": 1.0,
            "final": 0.0,
            "decay": 0.01
        }
    },
    "final_mean_irl": -465.61199951171875,
    "final_std_irl": 54.37410354614258,
    "final_mean_rl": -428.24000000000007,
    "final_std_rl": 146.26785466873065
}