{
    "param_index": 4,
    "benchmark": "LunarLander-v2",
    "override": {
        "gt_ratio_p": 0.75
    },
    "final_mean_irl": 177.52853393554688,
    "final_std_irl": 22.674800872802734,
    "final_mean_rl": 25.394513396394334,
    "final_std_rl": 91.35789919528419
}