{
    "param_index": 2,
    "benchmark": "HalfCheetah-v4",
    "override": {
        "gt_ratio_p": 0.25
    },
    "final_mean_irl": 2613.53125,
    "final_std_irl": 68.21817779541016,
    "final_mean_rl": 2613.7949711987408,
    "final_std_rl": 758.9514719654628
}