{
    "param_index": 21,
    "benchmark": "LunarLander-v2",
    "override": {
        "noise_final": 0.08,
        "noise_dict": {
            "dim": "batch",
            "start": 1.0,
            "final": 0.08,
            "decay": 0.01
        }
    },
    "final_mean_irl": 173.3446502685547,
    "final_std_irl": 24.166828155517578,
    "final_mean_rl": 107.52657257180738,
    "final_std_rl": 135.2149813333017
}