{
    "param_index": 8,
    "benchmark": "Acrobot-v1",
    "override": {
        "gt_ratio_d": 0.1
    },
    "final_mean_irl": -95.14900207519531,
    "final_std_irl": 9.48110580444336,
    "final_mean_rl": -81.59,
    "final_std_rl": 8.67403672684903
}