{
    "param_index": 11,
    "benchmark": "HalfCheetah-v4",
    "override": {
        "gt_ratio_d": 0.75
    },
    "final_mean_irl": 2697.166259765625,
    "final_std_irl": 56.7752799987793,
    "final_mean_rl": 3193.3531777887774,
    "final_std_rl": 531.2268819875023
}