{
    "param_index": 13,
    "benchmark": "MountainCar-v0",
    "override": {
        "gt_ratio_d": 1.0
    },
    "final_mean_irl": -146.3560028076172,
    "final_std_irl": 7.479071140289307,
    "final_mean_rl": -149.73,
    "final_std_rl": 37.63953209530607
}