{
    "param_index": 2,
    "benchmark": "LunarLander-v2",
    "override": {
        "gt_ratio_p": 0.25
    },
    "final_mean_irl": 165.16543579101562,
    "final_std_irl": 20.72784996032715,
    "final_mean_rl": -37.02322202284326,
    "final_std_rl": 141.88174425017425
}