{
    "param_index": 3,
    "benchmark": "Ant-v4",
    "override": {
        "gt_ratio_p": 0.5
    },
    "final_mean_irl": 1651.5960693359375,
    "final_std_irl": 247.625,
    "final_mean_rl": 2742.044418572603,
    "final_std_rl": 568.0350752106484
}