{
    "param_index": 22,
    "benchmark": "Pendulum-v1",
    "override": {
        "noise_final": 0.2,
        "noise_dict": {
            "dim": "batch",
            "start": 1.0,
            "final": 0.2,
            "decay": 0.01
        }
    },
    "final_mean_irl": -162.52496337890625,
    "final_std_irl": 30.051265716552734,
    "final_mean_rl": -666.2132216805095,
    "final_std_rl": 476.474025242206
}