{
    "param_index": 13,
    "benchmark": "LunarLander-v2",
    "override": {
        "gt_ratio_d": 1.0
    },
    "final_mean_irl": 170.32608032226562,
    "final_std_irl": 25.31865882873535,
    "final_mean_rl": -284.75586912594565,
    "final_std_rl": 192.9320805867289
}