{
    "param_index": 20,
    "benchmark": "Pendulum-v1",
    "override": {
        "noise_final": 0.02,
        "noise_dict": {
            "dim": "batch",
            "start": 1.0,
            "final": 0.02,
            "decay": 0.01
        }
    },
    "final_mean_irl": -161.34674072265625,
    "final_std_irl": 28.412179946899414,
    "final_mean_rl": -587.9737766062084,
    "final_std_rl": 441.5468046889041
}