{
    "param_index": 20,
    "benchmark": "Ant-v4",
    "override": {
        "noise_final": 0.02,
        "noise_dict": {
            "dim": "batch",
            "start": 1.0,
            "final": 0.02,
            "decay": 0.01
        }
    },
    "final_mean_irl": 1470.9058837890625,
    "final_std_irl": 231.2066650390625,
    "final_mean_rl": 2736.3255054424103,
    "final_std_rl": 434.15129402577514
}