{
    "param_index": 23,
    "benchmark": "HalfCheetah-v4",
    "override": {
        "noise_final": 0.5,
        "noise_dict": {
            "dim": "batch",
            "start": 1.0,
            "final": 0.5,
            "decay": 0.01
        }
    },
    "final_mean_irl": 2738.89208984375,
    "final_std_irl": 62.571983337402344,
    "final_mean_rl": 2285.6050131220936,
    "final_std_rl": 1175.0683080802426
}