{
    "param_index": 5,
    "benchmark": "MountainCar-v0",
    "override": {
        "gt_ratio_p": 0.9
    },
    "final_mean_irl": -129.93800354003906,
    "final_std_irl": 8.695719718933105,
    "final_mean_rl": -127.65,
    "final_std_rl": 24.260031368313662
}