{
    "param_index": 20,
    "benchmark": "Acrobot-v1",
    "override": {
        "noise_final": 0.02,
        "noise_dict": {
            "dim": "batch",
            "start": 1.0,
            "final": 0.02,
            "decay": 0.01
        }
    },
    "final_mean_irl": -438.98101806640625,
    "final_std_irl": 80.16105651855469,
    "final_mean_rl": -371.41999999999996,
    "final_std_rl": 156.94383737750084
}