{
    "param_index": 13,
    "benchmark": "HalfCheetah-v4",
    "override": {
        "gt_ratio_d": 1.0
    },
    "final_mean_irl": 2657.59326171875,
    "final_std_irl": 65.6379165649414,
    "final_mean_rl": 1917.3276336735184,
    "final_std_rl": 1063.8046936459784
}