{
    "param_index": 20,
    "benchmark": "LunarLander-v2",
    "override": {
        "noise_final": 0.02,
        "noise_dict": {
            "dim": "batch",
            "start": 1.0,
            "final": 0.02,
            "decay": 0.01
        }
    },
    "final_mean_irl": 162.8365478515625,
    "final_std_irl": 21.473270416259766,
    "final_mean_rl": 0.1394713926765995,
    "final_std_rl": 175.38112154827093
}