{
    "param_index": 2,
    "benchmark": "MountainCar-v0",
    "override": {
        "gt_ratio_p": 0.25
    },
    "final_mean_irl": -120.43798828125,
    "final_std_irl": 8.38456916809082,
    "final_mean_rl": -132.25,
    "final_std_rl": 24.93323677042597
}