{
    "param_index": 11,
    "benchmark": "Acrobot-v1",
    "override": {
        "gt_ratio_d": 0.75
    },
    "final_mean_irl": -95.54600524902344,
    "final_std_irl": 8.547755241394043,
    "final_mean_rl": -83.80000000000001,
    "final_std_rl": 17.254423318857615
}