{
    "param_index": 21,
    "benchmark": "Ant-v4",
    "override": {
        "noise_final": 0.08,
        "noise_dict": {
            "dim": "batch",
            "start": 1.0,
            "final": 0.08,
            "decay": 0.01
        }
    },
    "final_mean_irl": 1481.234130859375,
    "final_std_irl": 234.95230102539062,
    "final_mean_rl": 2436.2552726725553,
    "final_std_rl": 706.8833052501847
}