{
    "param_index": 4,
    "benchmark": "MountainCar-v0",
    "override": {
        "gt_ratio_p": 0.75
    },
    "final_mean_irl": -131.96401977539062,
    "final_std_irl": 8.154231071472168,
    "final_mean_rl": -135.11999999999998,
    "final_std_rl": 26.406800248250857
}