{
    "param_index": 15,
    "benchmark": "MountainCar-v0",
    "override": {
        "noise_start": 0.25,
        "noise_dict": {
            "dim": "batch",
            "start": 0.25,
            "final": 0.04,
            "decay": 0.01
        }
    },
    "final_mean_irl": -127.0689926147461,
    "final_std_irl": 10.125661849975586,
    "final_mean_rl": -128.41,
    "final_std_rl": 25.594014598778273
}