{
    "param_index": 19,
    "benchmark": "Pendulum-v1",
    "override": {
        "noise_final": 0.0,
        "noise_dict": {
            "dim": "batch",
            "start": 1.0,
            "final": 0.0,
            "decay": 0.01
        }
    },
    "final_mean_irl": -156.98928833007812,
    "final_std_irl": 25.2680606842041,
    "final_mean_rl": -334.65826696791447,
    "final_std_rl": 300.7617728544585
}