{
    "param_index": 22,
    "benchmark": "HalfCheetah-v4",
    "override": {
        "noise_final": 0.2,
        "noise_dict": {
            "dim": "batch",
            "start": 1.0,
            "final": 0.2,
            "decay": 0.01
        }
    },
    "final_mean_irl": 2731.73193359375,
    "final_std_irl": 60.20978546142578,
    "final_mean_rl": 2611.558181588372,
    "final_std_rl": 779.11097795208
}