{
    "param_index": 21,
    "benchmark": "HalfCheetah-v4",
    "override": {
        "noise_final": 0.08,
        "noise_dict": {
            "dim": "batch",
            "start": 1.0,
            "final": 0.08,
            "decay": 0.01
        }
    },
    "final_mean_irl": 2743.106201171875,
    "final_std_irl": 59.814476013183594,
    "final_mean_rl": 2980.3811039178463,
    "final_std_rl": 474.25519223879974
}